﻿대학,학과/전공,학수번호,과목명,이수구분,이수학년,이수학기,학점,다전공자 인정 이수구분,적용시점
공학대학,생명나노공학과,GEN0064,일반물리학2,전공기초,1,2,3,전공핵심,2020년 이후
공학대학,생명나노공학과,GEN0075,일반생물학2,전공기초,1,2,3,전공핵심,2020년 이후
공학대학,생명나노공학과,GEN0069,일반화학2,전공기초,1,2,3,전공핵심,2020년 이후
공학대학,전자공학부,COE3051,공업수학1,전공기초,2,1,3,전공핵심,2021년 이후
공학대학,전자공학부,COE3052,공업수학2,전공기초,2,1,3,전공핵심,2021년 이후
소프트웨어융합대학,ICT융합학부,CSE1017,프로그래밍기초,전공기초,1,1,3,전공핵심,2020년 이후
소프트웨어융합대학,ICT융합학부,INE2018,전산통계학,전공기초,1,2,3,전공핵심,2020년 이후
소프트웨어융합대학,ICT융합학부,CSE2018,시스템프로그래밍기초,전공기초,1,2,3,전공핵심,2020년 이후
과학기술융합대학,분자생명과학과,GEN0074,일반생물학1,전공기초,1,1,3,전공핵심,2020년 이후
과학기술융합대학,분자생명과학과,GEN0076,일반생물학실험1,전공기초,1,1,1,전공핵심,2020년 이후
과학기술융합대학,분자생명과학과,GEN0075,일반생물학2,전공기초,1,2,3,전공핵심,2020년 이후
과학기술융합대학,분자생명과학과,GEN0077,일반생물학실험2,전공기초,1,2,1,전공핵심,2020년 이후
경상대학,경제학부,GEN0059,경제원론1,전공기초,1,1,3,전공핵심,2020년 이후
경상대학,경제학부,GEN0060,경제원론2,전공기초,1,2,3,전공핵심,2020년 이후
경상대학,경제학부,ECO1002,경제수학,전공기초,1,2,3,전공핵심,2020년 이후