﻿2016-2019교육과정,전공,전공핵심
2016-2019교육과정,전공,전공심화
2016-2019교육과정,전공,전공핵심(필수)
2016-2019교육과정,기초,기초필수
2016-2019교육과정,교양,핵심교양
2016-2019교육과정,교양,일반교양
2020-2023교육과정,전공,전공기초
2020-2023교육과정,전공,전공핵심
2020-2023교육과정,전공,전공심화
2020-2023교육과정,교양,교양필수
2020-2023교육과정,교양,교양선택
*전공기초는 전공 졸업학점에 가산되지 않습니다.,,
"*2016-2019교육과정의 기초 필수 또는 전공핵심(필수) 재수강 희망자는 동일한 학수번호가 본인 학과의 2020-2023교육과정에 남아있으면 재수강 가능하며, 폐지되었을 경우에는 재수강이 불가능합니다. 성적상슴 재수강 성공 시 이전 이수구분을 그대로 적용받습니다.",,
"*2016-2019교육과정의 전공심화 또는 전공핵심 재수강 희망자는 동일한 학수번호가 본인 학과의 2020-2023교육과정에 남아있거나, 대치과목이 지정되어 있을 경우 재수강 가능하며, 교육과정에서 폐지되었거나 대치과목이 없을 경우 재수강이 불가능합니다.",,
*2020-2023 공통교육과정(교양)은 학생에게 적용되는 교육과정과 상관없이 2020학년도부터 일괄 변경된 이수구분으로 적용됩니다.,,