﻿유형 ,A비율,A+B비율,내용
상대평가1,30%,70%,이론 교과목 12명이상
상대평가2,40%,80%,이론+실습 교과목 20명이상
상대평가3,50%,90%,IC-PBL강좌/ 일부 초청강연/ HY-LIVE 강좌
절대평가,-,-,"이론 교과목 12명미만/ 이론+실습 교과목 20명미만/ 실습 교과목/ 영어전용강좌(단, 영어커뮤니케이션1,2 초급,중급 및 학술영어1,2 기존대로 상대평가1 적용)/ 제2외국어강좌/ 창의적영어읽기 고급/ 교직,학연・창업교육센터 관장 과목 등/ ROTF교과목(군사학), 현장실습(교직), 교환학생, 학점교류, 현지학기제/ E러닝(단, 사이버토익, E-러닝 타입 A 과목은 기존대로 상대평가1 적용)/ 캡스톤디자인(공학대학, 소프트융합대학, 약학대학, 경상대학, 디자인대학)"
P/F,-,-,