﻿구분 ,내용
적용대상,"ERICA 2017학년도 이후 신,편입생"
이수조건,"IC_PBL 강좌 의무 이수제 적용 대상 학생은 졸업 요건으로 IC_PBL 강좌 4강좌 이상을 이수해야 합니다. (단, 편입생의 경우는 2강좌 이상을 이수해야 합니다.)"
의무이수 제외 대상,"공학대학 융합공학과, 스마트융합공학부, 약학대학, 경상대학 회계세무학과 학생"
주의 ,IC-PBL강좌 의무 이수제는 전공 IC_PBL 교과목의 수강만을 인정하무로 수강 신청 시 주의바랍니다. (교양 IC-PBL 교과목은 인정하지 않습니다.)
문의,IC-PBL 센터 031-400-4893